codigo_dane,nombre_ieo,comuna,zona_geo,zona_edu,año,promedio
176001029411,Institución Educativa Agustín Nieto Caballero,11,Urbana,Sur-Oriente,2016,271
176001029411,Institución Educativa Agustín Nieto Caballero,11,Urbana,Sur-Oriente,2017,265
176001029411,Institución Educativa Agustín Nieto Caballero,11,Urbana,Sur-Oriente,2018,256
176001029411,Institución Educativa Agustín Nieto Caballero,11,Urbana,Sur-Oriente,2019,253
176001029411,Institución Educativa Agustín Nieto Caballero,11,Urbana,Sur-Oriente,2020,252
176001029411,Institución Educativa Agustín Nieto Caballero,11,Urbana,Sur-Oriente,2021,241
176001029411,Institución Educativa Agustín Nieto Caballero,11,Urbana,Sur-Oriente,2022,258
176001001681,Institución Educativa Alberto Carvajal Borrero,8,Urbana,Centro,2016,264
176001001681,Institución Educativa Alberto Carvajal Borrero,8,Urbana,Centro,2017,257
176001001681,Institución Educativa Alberto Carvajal Borrero,8,Urbana,Centro,2018,244
176001001681,Institución Educativa Alberto Carvajal Borrero,8,Urbana,Centro,2019,253
176001001681,Institución Educativa Alberto Carvajal Borrero,8,Urbana,Centro,2020,244
176001001681,Institución Educativa Alberto Carvajal Borrero,8,Urbana,Centro,2021,247
176001001681,Institución Educativa Alberto Carvajal Borrero,8,Urbana,Centro,2022,249
176001040101,Institución Educativa Alfonso López Pumarejo,7,Urbana,Nor-Oriente,2016,252
176001040101,Institución Educativa Alfonso López Pumarejo,7,Urbana,Nor-Oriente,2017,246
176001040101,Institución Educativa Alfonso López Pumarejo,7,Urbana,Nor-Oriente,2018,251
176001040101,Institución Educativa Alfonso López Pumarejo,7,Urbana,Nor-Oriente,2019,241
176001040101,Institución Educativa Alfonso López Pumarejo,7,Urbana,Nor-Oriente,2020,243
176001040101,Institución Educativa Alfonso López Pumarejo,7,Urbana,Nor-Oriente,2021,242
176001040101,Institución Educativa Alfonso López Pumarejo,7,Urbana,Nor-Oriente,2022,240
176001011163,Institución Educativa Álvaro Echeverry Perea,18,Urbana,Sur,2016,268
176001011163,Institución Educativa Álvaro Echeverry Perea,18,Urbana,Sur,2017,273
176001011163,Institución Educativa Álvaro Echeverry Perea,18,Urbana,Sur,2018,270
176001011163,Institución Educativa Álvaro Echeverry Perea,18,Urbana,Sur,2019,264
176001011163,Institución Educativa Álvaro Echeverry Perea,18,Urbana,Sur,2020,265
176001011163,Institución Educativa Álvaro Echeverry Perea,18,Urbana,Sur,2021,259
176001011163,Institución Educativa Álvaro Echeverry Perea,18,Urbana,Sur,2022,271
176001003161,Institución Educativa Bartolomé Loboguerrero,13,Urbana,Oriente,2016,240
176001003161,Institución Educativa Bartolomé Loboguerrero,13,Urbana,Oriente,2017,243
176001003161,Institución Educativa Bartolomé Loboguerrero,13,Urbana,Oriente,2018,237
176001003161,Institución Educativa Bartolomé Loboguerrero,13,Urbana,Oriente,2019,238
176001003161,Institución Educativa Bartolomé Loboguerrero,13,Urbana,Oriente,2020,224
176001003161,Institución Educativa Bartolomé Loboguerrero,13,Urbana,Oriente,2021,233
176001003161,Institución Educativa Bartolomé Loboguerrero,13,Urbana,Oriente,2022,238
176001008791,Institución Educativa Boyacá,11,Urbana,Sur-Oriente,2016,241
176001008791,Institución Educativa Boyacá,11,Urbana,Sur-Oriente,2017,238
176001008791,Institución Educativa Boyacá,11,Urbana,Sur-Oriente,2018,237
176001008791,Institución Educativa Boyacá,11,Urbana,Sur-Oriente,2019,229
176001008791,Institución Educativa Boyacá,11,Urbana,Sur-Oriente,2020,229
176001008791,Institución Educativa Boyacá,11,Urbana,Sur-Oriente,2021,241
176001008791,Institución Educativa Boyacá,11,Urbana,Sur-Oriente,2022,232
176001008642,Institución Educativa Carlos Holguín Lloreda,10,Urbana,Sur-Oriente,2016,265
176001008642,Institución Educativa Carlos Holguín Lloreda,10,Urbana,Sur-Oriente,2017,256
176001008642,Institución Educativa Carlos Holguín Lloreda,10,Urbana,Sur-Oriente,2018,261
176001008642,Institución Educativa Carlos Holguín Lloreda,10,Urbana,Sur-Oriente,2019,254
176001008642,Institución Educativa Carlos Holguín Lloreda,10,Urbana,Sur-Oriente,2020,251
176001008642,Institución Educativa Carlos Holguín Lloreda,10,Urbana,Sur-Oriente,2021,248
176001008642,Institución Educativa Carlos Holguín Lloreda,10,Urbana,Sur-Oriente,2022,255
176001007131,Institución Educativa Carlos Holmes Trujillo,16,Urbana,Sur-Oriente,2016,241
176001007131,Institución Educativa Carlos Holmes Trujillo,16,Urbana,Sur-Oriente,2017,227
176001007131,Institución Educativa Carlos Holmes Trujillo,16,Urbana,Sur-Oriente,2018,231
176001007131,Institución Educativa Carlos Holmes Trujillo,16,Urbana,Sur-Oriente,2019,236
176001007131,Institución Educativa Carlos Holmes Trujillo,16,Urbana,Sur-Oriente,2020,229
176001007131,Institución Educativa Carlos Holmes Trujillo,16,Urbana,Sur-Oriente,2021,230
176001007131,Institución Educativa Carlos Holmes Trujillo,16,Urbana,Sur-Oriente,2022,220
176001020065,Institución Educativa Celmira Bueno De Orejuela,5,Urbana,Nor-Oriente,2016,269
176001020065,Institución Educativa Celmira Bueno De Orejuela,5,Urbana,Nor-Oriente,2017,257
176001020065,Institución Educativa Celmira Bueno De Orejuela,5,Urbana,Nor-Oriente,2018,270
176001020065,Institución Educativa Celmira Bueno De Orejuela,5,Urbana,Nor-Oriente,2019,253
176001020065,Institución Educativa Celmira Bueno De Orejuela,5,Urbana,Nor-Oriente,2020,251
176001020065,Institución Educativa Celmira Bueno De Orejuela,5,Urbana,Nor-Oriente,2021,262
176001020065,Institución Educativa Celmira Bueno De Orejuela,5,Urbana,Nor-Oriente,2022,266
176001015975,Institución Educativa Ciudad Córdoba,15,Urbana,Sur-Oriente,2016,254
176001015975,Institución Educativa Ciudad Córdoba,15,Urbana,Sur-Oriente,2017,249
176001015975,Institución Educativa Ciudad Córdoba,15,Urbana,Sur-Oriente,2018,243
176001015975,Institución Educativa Ciudad Córdoba,15,Urbana,Sur-Oriente,2019,242
176001015975,Institución Educativa Ciudad Córdoba,15,Urbana,Sur-Oriente,2020,235
176001015975,Institución Educativa Ciudad Córdoba,15,Urbana,Sur-Oriente,2021,228
176001015975,Institución Educativa Ciudad Córdoba,15,Urbana,Sur-Oriente,2022,239
176001005805,Institución Educativa Ciudad Modelo,11,Urbana,Sur-Oriente,2016,262
176001005805,Institución Educativa Ciudad Modelo,11,Urbana,Sur-Oriente,2017,247
176001005805,Institución Educativa Ciudad Modelo,11,Urbana,Sur-Oriente,2018,252
176001005805,Institución Educativa Ciudad Modelo,11,Urbana,Sur-Oriente,2019,250
176001005805,Institución Educativa Ciudad Modelo,11,Urbana,Sur-Oriente,2020,243
176001005805,Institución Educativa Ciudad Modelo,11,Urbana,Sur-Oriente,2021,245
176001005805,Institución Educativa Ciudad Modelo,11,Urbana,Sur-Oriente,2022,238
176001004256,Institución Educativa Cristóbal Colon,16,Urbana,Sur-Oriente,2016,235
176001004256,Institución Educativa Cristóbal Colon,16,Urbana,Sur-Oriente,2017,243
176001004256,Institución Educativa Cristóbal Colon,16,Urbana,Sur-Oriente,2018,240
176001004256,Institución Educativa Cristóbal Colon,16,Urbana,Sur-Oriente,2019,225
176001004256,Institución Educativa Cristóbal Colon,16,Urbana,Sur-Oriente,2020,235
176001004256,Institución Educativa Cristóbal Colon,16,Urbana,Sur-Oriente,2021,222
176001004256,Institución Educativa Cristóbal Colon,16,Urbana,Sur-Oriente,2022,237
176001001818,Institución Educativa De Santa Librada,3,Urbana,Norte,2016,281
176001001818,Institución Educativa De Santa Librada,3,Urbana,Norte,2017,272
176001001818,Institución Educativa De Santa Librada,3,Urbana,Norte,2018,262
176001001818,Institución Educativa De Santa Librada,3,Urbana,Norte,2019,261
176001001818,Institución Educativa De Santa Librada,3,Urbana,Norte,2020,259
176001001818,Institución Educativa De Santa Librada,3,Urbana,Norte,2021,253
176001001818,Institución Educativa De Santa Librada,3,Urbana,Norte,2022,265
176001007115,Institución Educativa El Diamante,13,Urbana,Oriente,2016,257
176001007115,Institución Educativa El Diamante,13,Urbana,Oriente,2017,251
176001007115,Institución Educativa El Diamante,13,Urbana,Oriente,2018,244
176001007115,Institución Educativa El Diamante,13,Urbana,Oriente,2019,250
176001007115,Institución Educativa El Diamante,13,Urbana,Oriente,2020,232
176001007115,Institución Educativa El Diamante,13,Urbana,Oriente,2021,232
176001007115,Institución Educativa El Diamante,13,Urbana,Oriente,2022,247
276001004889,Institución Educativa El Hormiguero,52,Rural,Sur,2016,216
276001004889,Institución Educativa El Hormiguero,52,Rural,Sur,2017,241
276001004889,Institución Educativa El Hormiguero,52,Rural,Sur,2018,230
276001004889,Institución Educativa El Hormiguero,52,Rural,Sur,2019,221
276001004889,Institución Educativa El Hormiguero,52,Rural,Sur,2020,247
276001004889,Institución Educativa El Hormiguero,52,Rural,Sur,2021,231
276001004889,Institución Educativa El Hormiguero,52,Rural,Sur,2022,237
176001001770,Institución Educativa Eustaquio Palacios,19,Urbana,Sur,2016,262
176001001770,Institución Educativa Eustaquio Palacios,19,Urbana,Sur,2017,263
176001001770,Institución Educativa Eustaquio Palacios,19,Urbana,Sur,2018,256
176001001770,Institución Educativa Eustaquio Palacios,19,Urbana,Sur,2019,248
176001001770,Institución Educativa Eustaquio Palacios,19,Urbana,Sur,2020,244
176001001770,Institución Educativa Eustaquio Palacios,19,Urbana,Sur,2021,241
176001001770,Institución Educativa Eustaquio Palacios,19,Urbana,Sur,2022,253
176001002911,Institución Educativa Eva Riascos Plata,12,Urbana,Centro,2016,244
176001002911,Institución Educativa Eva Riascos Plata,12,Urbana,Centro,2017,220
176001002911,Institución Educativa Eva Riascos Plata,12,Urbana,Centro,2018,226
176001002911,Institución Educativa Eva Riascos Plata,12,Urbana,Centro,2019,208
176001002911,Institución Educativa Eva Riascos Plata,12,Urbana,Centro,2020,225
176001002911,Institución Educativa Eva Riascos Plata,12,Urbana,Centro,2021,238
176001002911,Institución Educativa Eva Riascos Plata,12,Urbana,Centro,2022,243
176001004329,Institución Educativa Evaristo García,8,Urbana,Centro,2016,256
176001004329,Institución Educativa Evaristo García,8,Urbana,Centro,2017,243
176001004329,Institución Educativa Evaristo García,8,Urbana,Centro,2018,251
176001004329,Institución Educativa Evaristo García,8,Urbana,Centro,2019,251
176001004329,Institución Educativa Evaristo García,8,Urbana,Centro,2020,241
176001004329,Institución Educativa Evaristo García,8,Urbana,Centro,2021,242
176001004329,Institución Educativa Evaristo García,8,Urbana,Centro,2022,262
276001012831,Institución Educativa Felidia,59,Rural,Norte,2016,285
276001012831,Institución Educativa Felidia,59,Rural,Norte,2017,272
276001012831,Institución Educativa Felidia,59,Rural,Norte,2018,252
276001012831,Institución Educativa Felidia,59,Rural,Norte,2019,244
276001012831,Institución Educativa Felidia,59,Rural,Norte,2020,239
276001012831,Institución Educativa Felidia,59,Rural,Norte,2021,263
276001012831,Institución Educativa Felidia,59,Rural,Norte,2022,286
276001010994,Institución Educativa Francisco José Lloreda Mera,60,Rural,Norte,2016,266
276001010994,Institución Educativa Francisco José Lloreda Mera,60,Rural,Norte,2017,260
276001010994,Institución Educativa Francisco José Lloreda Mera,60,Rural,Norte,2018,247
276001010994,Institución Educativa Francisco José Lloreda Mera,60,Rural,Norte,2019,242
276001010994,Institución Educativa Francisco José Lloreda Mera,60,Rural,Norte,2020,239
276001010994,Institución Educativa Francisco José Lloreda Mera,60,Rural,Norte,2021,243
276001010994,Institución Educativa Francisco José Lloreda Mera,60,Rural,Norte,2022,240
176001017374,Institución Educativa Gabriela Mistral,14,Urbana,Oriente,2016,235
176001017374,Institución Educativa Gabriela Mistral,14,Urbana,Oriente,2017,228
176001017374,Institución Educativa Gabriela Mistral,14,Urbana,Oriente,2018,226
176001017374,Institución Educativa Gabriela Mistral,14,Urbana,Oriente,2019,223
176001017374,Institución Educativa Gabriela Mistral,14,Urbana,Oriente,2020,222
176001017374,Institución Educativa Gabriela Mistral,14,Urbana,Oriente,2021,219
176001017374,Institución Educativa Gabriela Mistral,14,Urbana,Oriente,2022,224
176001001702,Institución Educativa General Alfredo Vásquez Cobo,9,Urbana,Centro,2016,271
176001001702,Institución Educativa General Alfredo Vásquez Cobo,9,Urbana,Centro,2017,257
176001001702,Institución Educativa General Alfredo Vásquez Cobo,9,Urbana,Centro,2018,253
176001001702,Institución Educativa General Alfredo Vásquez Cobo,9,Urbana,Centro,2019,256
176001001702,Institución Educativa General Alfredo Vásquez Cobo,9,Urbana,Centro,2020,249
176001001702,Institución Educativa General Alfredo Vásquez Cobo,9,Urbana,Centro,2021,244
176001001702,Institución Educativa General Alfredo Vásquez Cobo,9,Urbana,Centro,2022,249
176001006119,Institución Educativa General Francisco De Paula Santander,11,Urbana,Sur-Oriente,2016,246
176001006119,Institución Educativa General Francisco De Paula Santander,11,Urbana,Sur-Oriente,2017,249
176001006119,Institución Educativa General Francisco De Paula Santander,11,Urbana,Sur-Oriente,2018,257
176001006119,Institución Educativa General Francisco De Paula Santander,11,Urbana,Sur-Oriente,2019,237
176001006119,Institución Educativa General Francisco De Paula Santander,11,Urbana,Sur-Oriente,2020,238
176001006119,Institución Educativa General Francisco De Paula Santander,11,Urbana,Sur-Oriente,2021,236
176001006119,Institución Educativa General Francisco De Paula Santander,11,Urbana,Sur-Oriente,2022,236
176001800206,Institución Educativa General José María Cabal,18,Urbana,Sur,2020,233
176001800206,Institución Educativa General José María Cabal,18,Urbana,Sur,2021,224
176001800206,Institución Educativa General José María Cabal,18,Urbana,Sur,2022,235
276001022232,Institución Educativa Golondrinas,65,Rural,Norte,2016,290
276001022232,Institución Educativa Golondrinas,65,Rural,Norte,2017,267
276001022232,Institución Educativa Golondrinas,65,Rural,Norte,2018,266
276001022232,Institución Educativa Golondrinas,65,Rural,Norte,2019,245
276001022232,Institución Educativa Golondrinas,65,Rural,Norte,2020,251
276001022232,Institución Educativa Golondrinas,65,Rural,Norte,2021,247
276001022232,Institución Educativa Golondrinas,65,Rural,Norte,2022,248
176001001656,Institución Educativa Guillermo Valencia,4,Urbana,Nor-Oriente,2016,243
176001001656,Institución Educativa Guillermo Valencia,4,Urbana,Nor-Oriente,2017,238
176001001656,Institución Educativa Guillermo Valencia,4,Urbana,Nor-Oriente,2018,235
176001001656,Institución Educativa Guillermo Valencia,4,Urbana,Nor-Oriente,2019,253
176001001656,Institución Educativa Guillermo Valencia,4,Urbana,Nor-Oriente,2020,246
176001001656,Institución Educativa Guillermo Valencia,4,Urbana,Nor-Oriente,2021,248
176001001656,Institución Educativa Guillermo Valencia,4,Urbana,Nor-Oriente,2022,223
176001020693,Institución Educativa Humberto Jordán Mazuera,13,Urbana,Oriente,2016,244
176001020693,Institución Educativa Humberto Jordán Mazuera,13,Urbana,Oriente,2017,242
176001020693,Institución Educativa Humberto Jordán Mazuera,13,Urbana,Oriente,2018,237
176001020693,Institución Educativa Humberto Jordán Mazuera,13,Urbana,Oriente,2019,238
176001020693,Institución Educativa Humberto Jordán Mazuera,13,Urbana,Oriente,2020,233
176001020693,Institución Educativa Humberto Jordán Mazuera,13,Urbana,Oriente,2021,226
176001020693,Institución Educativa Humberto Jordán Mazuera,13,Urbana,Oriente,2022,232
176001005813,Institución Educativa Inem Jorge Isaacs,4,Urbana,Nor-Oriente,2016,274
176001005813,Institución Educativa Inem Jorge Isaacs,4,Urbana,Nor-Oriente,2017,267
176001005813,Institución Educativa Inem Jorge Isaacs,4,Urbana,Nor-Oriente,2018,267
176001005813,Institución Educativa Inem Jorge Isaacs,4,Urbana,Nor-Oriente,2019,265
176001005813,Institución Educativa Inem Jorge Isaacs,4,Urbana,Nor-Oriente,2020,264
176001005813,Institución Educativa Inem Jorge Isaacs,4,Urbana,Nor-Oriente,2021,261
176001005813,Institución Educativa Inem Jorge Isaacs,4,Urbana,Nor-Oriente,2022,269
176001004973,Institución Educativa Isaías Gamboa,1,Urbana,Norte,2016,251
176001004973,Institución Educativa Isaías Gamboa,1,Urbana,Norte,2017,230
176001004973,Institución Educativa Isaías Gamboa,1,Urbana,Norte,2018,238
176001004973,Institución Educativa Isaías Gamboa,1,Urbana,Norte,2019,236
176001004973,Institución Educativa Isaías Gamboa,1,Urbana,Norte,2020,235
176001004973,Institución Educativa Isaías Gamboa,1,Urbana,Norte,2021,235
176001004973,Institución Educativa Isaías Gamboa,1,Urbana,Norte,2022,239
176001024273,Institución Educativa Jesus Villafañe Franco,13,Urbana,Oriente,2016,238
176001024273,Institución Educativa Jesus Villafañe Franco,13,Urbana,Oriente,2017,235
176001024273,Institución Educativa Jesus Villafañe Franco,13,Urbana,Oriente,2018,222
176001024273,Institución Educativa Jesus Villafañe Franco,13,Urbana,Oriente,2019,208
176001024273,Institución Educativa Jesus Villafañe Franco,13,Urbana,Oriente,2020,217
176001024273,Institución Educativa Jesus Villafañe Franco,13,Urbana,Oriente,2021,219
176001024273,Institución Educativa Jesus Villafañe Franco,13,Urbana,Oriente,2022,223
176001005716,Institución Educativa Joaquín De Cayzedo Y Cuero,10,Urbana,Sur-Oriente,2016,275
176001005716,Institución Educativa Joaquín De Cayzedo Y Cuero,10,Urbana,Sur-Oriente,2017,276
176001005716,Institución Educativa Joaquín De Cayzedo Y Cuero,10,Urbana,Sur-Oriente,2018,259
176001005716,Institución Educativa Joaquín De Cayzedo Y Cuero,10,Urbana,Sur-Oriente,2019,264
176001005716,Institución Educativa Joaquín De Cayzedo Y Cuero,10,Urbana,Sur-Oriente,2020,255
176001005716,Institución Educativa Joaquín De Cayzedo Y Cuero,10,Urbana,Sur-Oriente,2021,242
176001005716,Institución Educativa Joaquín De Cayzedo Y Cuero,10,Urbana,Sur-Oriente,2022,265
176001003195,Institución Educativa José Antonio Galán,4,Urbana,Nor-Oriente,2016,242
176001003195,Institución Educativa José Antonio Galán,4,Urbana,Nor-Oriente,2017,248
176001003195,Institución Educativa José Antonio Galán,4,Urbana,Nor-Oriente,2018,255
176001003195,Institución Educativa José Antonio Galán,4,Urbana,Nor-Oriente,2019,256
176001003195,Institución Educativa José Antonio Galán,4,Urbana,Nor-Oriente,2020,249
176001003195,Institución Educativa José Antonio Galán,4,Urbana,Nor-Oriente,2021,248
176001003195,Institución Educativa José Antonio Galán,4,Urbana,Nor-Oriente,2022,255
176001008669,Institución Educativa José Holguín Garcés,1,Urbana,Norte,2016,263
176001008669,Institución Educativa José Holguín Garcés,1,Urbana,Norte,2017,252
176001008669,Institución Educativa José Holguín Garcés,1,Urbana,Norte,2018,256
176001008669,Institución Educativa José Holguín Garcés,1,Urbana,Norte,2019,251
176001008669,Institución Educativa José Holguín Garcés,1,Urbana,Norte,2020,246
176001008669,Institución Educativa José Holguín Garcés,1,Urbana,Norte,2021,237
176001008669,Institución Educativa José Holguín Garcés,1,Urbana,Norte,2022,235
176001001826,Institución Educativa José Manuel Saavedra Galindo,8,Urbana,Centro,2016,250
176001001826,Institución Educativa José Manuel Saavedra Galindo,8,Urbana,Centro,2017,270
176001001826,Institución Educativa José Manuel Saavedra Galindo,8,Urbana,Centro,2018,254
176001001826,Institución Educativa José Manuel Saavedra Galindo,8,Urbana,Centro,2019,250
176001001826,Institución Educativa José Manuel Saavedra Galindo,8,Urbana,Centro,2020,248
176001001826,Institución Educativa José Manuel Saavedra Galindo,8,Urbana,Centro,2021,249
176001001826,Institución Educativa José Manuel Saavedra Galindo,8,Urbana,Centro,2022,253
176001003586,Institución Educativa Juan De Ampudia,8,Urbana,Centro,2016,271
176001003586,Institución Educativa Juan De Ampudia,8,Urbana,Centro,2017,268
176001003586,Institución Educativa Juan De Ampudia,8,Urbana,Centro,2018,267
176001003586,Institución Educativa Juan De Ampudia,8,Urbana,Centro,2019,264
176001003586,Institución Educativa Juan De Ampudia,8,Urbana,Centro,2020,265
176001003586,Institución Educativa Juan De Ampudia,8,Urbana,Centro,2021,255
176001003586,Institución Educativa Juan De Ampudia,8,Urbana,Centro,2022,255
176001012101,Institución Educativa Juan Pablo II,18,Urbana,Sur,2016,258
176001012101,Institución Educativa Juan Pablo II,18,Urbana,Sur,2017,250
176001012101,Institución Educativa Juan Pablo II,18,Urbana,Sur,2018,245
176001012101,Institución Educativa Juan Pablo II,18,Urbana,Sur,2019,251
176001012101,Institución Educativa Juan Pablo II,18,Urbana,Sur,2020,252
176001012101,Institución Educativa Juan Pablo II,18,Urbana,Sur,2021,251
176001012101,Institución Educativa Juan Pablo II,18,Urbana,Sur,2022,248
176001003918,Institución Educativa Juan XXIII,12,Urbana,Centro,2016,253
176001003918,Institución Educativa Juan XXIII,12,Urbana,Centro,2017,245
176001003918,Institución Educativa Juan XXIII,12,Urbana,Centro,2018,247
176001003918,Institución Educativa Juan XXIII,12,Urbana,Centro,2019,236
176001003918,Institución Educativa Juan XXIII,12,Urbana,Centro,2020,240
176001003918,Institución Educativa Juan XXIII,12,Urbana,Centro,2021,247
176001003918,Institución Educativa Juan XXIII,12,Urbana,Centro,2022,242
176001004485,Institución Educativa Juana De Caicedo Y Cuero,19,Urbana,Sur,2016,253
176001004485,Institución Educativa Juana De Caicedo Y Cuero,19,Urbana,Sur,2017,245
176001004485,Institución Educativa Juana De Caicedo Y Cuero,19,Urbana,Sur,2018,247
176001004485,Institución Educativa Juana De Caicedo Y Cuero,19,Urbana,Sur,2019,244
176001004485,Institución Educativa Juana De Caicedo Y Cuero,19,Urbana,Sur,2020,243
176001004485,Institución Educativa Juana De Caicedo Y Cuero,19,Urbana,Sur,2021,250
176001004485,Institución Educativa Juana De Caicedo Y Cuero,19,Urbana,Sur,2022,265
176001003951,Institución Educativa Julio Caicedo Y Téllez,12,Urbana,Centro,2016,277
176001003951,Institución Educativa Julio Caicedo Y Téllez,12,Urbana,Centro,2017,280
176001003951,Institución Educativa Julio Caicedo Y Téllez,12,Urbana,Centro,2018,266
176001003951,Institución Educativa Julio Caicedo Y Téllez,12,Urbana,Centro,2019,265
176001003951,Institución Educativa Julio Caicedo Y Téllez,12,Urbana,Centro,2020,263
176001003951,Institución Educativa Julio Caicedo Y Téllez,12,Urbana,Centro,2021,262
176001003951,Institución Educativa Julio Caicedo Y Téllez,12,Urbana,Centro,2022,259
176001014359,Institución Educativa La Anunciación,14,Urbana,Oriente,2016,247
176001014359,Institución Educativa La Anunciación,14,Urbana,Oriente,2017,247
176001014359,Institución Educativa La Anunciación,14,Urbana,Oriente,2018,239
176001014359,Institución Educativa La Anunciación,14,Urbana,Oriente,2019,241
176001014359,Institución Educativa La Anunciación,14,Urbana,Oriente,2020,236
176001014359,Institución Educativa La Anunciación,14,Urbana,Oriente,2021,225
176001014359,Institución Educativa La Anunciación,14,Urbana,Oriente,2022,240
276001005184,Institución Educativa La Buitrera,54,Rural,Sur,2016,254
276001005184,Institución Educativa La Buitrera,54,Rural,Sur,2017,240
276001005184,Institución Educativa La Buitrera,54,Rural,Sur,2018,235
276001005184,Institución Educativa La Buitrera,54,Rural,Sur,2019,232
276001005184,Institución Educativa La Buitrera,54,Rural,Sur,2020,233
276001005184,Institución Educativa La Buitrera,54,Rural,Sur,2021,223
276001005184,Institución Educativa La Buitrera,54,Rural,Sur,2022,241
176001014138,Institución Educativa La Esperanza,18,Urbana,Sur,2016,257
176001014138,Institución Educativa La Esperanza,18,Urbana,Sur,2017,254
176001014138,Institución Educativa La Esperanza,18,Urbana,Sur,2018,239
176001014138,Institución Educativa La Esperanza,18,Urbana,Sur,2019,242
176001014138,Institución Educativa La Esperanza,18,Urbana,Sur,2020,238
176001014138,Institución Educativa La Esperanza,18,Urbana,Sur,2021,235
176001014138,Institución Educativa La Esperanza,18,Urbana,Sur,2022,247
476001020719,Institución Educativa La Leonera,58,Rural,Norte,2016,275
476001020719,Institución Educativa La Leonera,58,Rural,Norte,2017,260
476001020719,Institución Educativa La Leonera,58,Rural,Norte,2018,261
476001020719,Institución Educativa La Leonera,58,Rural,Norte,2019,224
476001020719,Institución Educativa La Leonera,58,Rural,Norte,2020,258
476001020719,Institución Educativa La Leonera,58,Rural,Norte,2021,231
476001020719,Institución Educativa La Leonera,58,Rural,Norte,2022,249
176001001699,Institución Educativa La Merced,4,Urbana,Nor-Oriente,2016,280
176001001699,Institución Educativa La Merced,4,Urbana,Nor-Oriente,2017,285
176001001699,Institución Educativa La Merced,4,Urbana,Nor-Oriente,2018,270
176001001699,Institución Educativa La Merced,4,Urbana,Nor-Oriente,2019,261
176001001699,Institución Educativa La Merced,4,Urbana,Nor-Oriente,2020,265
176001001699,Institución Educativa La Merced,4,Urbana,Nor-Oriente,2021,262
176001001699,Institución Educativa La Merced,4,Urbana,Nor-Oriente,2022,264
276001042756,Institución Educativa La Paz,63,Rural,Norte,2016,244
276001042756,Institución Educativa La Paz,63,Rural,Norte,2017,254
276001042756,Institución Educativa La Paz,63,Rural,Norte,2018,285
276001042756,Institución Educativa La Paz,63,Rural,Norte,2019,271
276001042756,Institución Educativa La Paz,63,Rural,Norte,2020,260
276001042756,Institución Educativa La Paz,63,Rural,Norte,2021,246
276001042756,Institución Educativa La Paz,63,Rural,Norte,2022,257
176001006356,Institución Educativa Libardo Madrid Valderrama,16,Urbana,Sur-Oriente,2016,233
176001006356,Institución Educativa Libardo Madrid Valderrama,16,Urbana,Sur-Oriente,2017,228
176001006356,Institución Educativa Libardo Madrid Valderrama,16,Urbana,Sur-Oriente,2018,234
176001006356,Institución Educativa Libardo Madrid Valderrama,16,Urbana,Sur-Oriente,2019,233
176001006356,Institución Educativa Libardo Madrid Valderrama,16,Urbana,Sur-Oriente,2020,240
176001006356,Institución Educativa Libardo Madrid Valderrama,16,Urbana,Sur-Oriente,2021,228
176001006356,Institución Educativa Libardo Madrid Valderrama,16,Urbana,Sur-Oriente,2022,230
176001001745,Institución Educativa Liceo Departamental,19,Urbana,Norte,2016,296
176001001745,Institución Educativa Liceo Departamental,19,Urbana,Norte,2017,303
176001001745,Institución Educativa Liceo Departamental,19,Urbana,Norte,2018,293
176001001745,Institución Educativa Liceo Departamental,19,Urbana,Norte,2019,299
176001001745,Institución Educativa Liceo Departamental,19,Urbana,Norte,2020,297
176001001745,Institución Educativa Liceo Departamental,19,Urbana,Norte,2021,288
176001001745,Institución Educativa Liceo Departamental,19,Urbana,Norte,2022,292
276001011184,Institución Educativa Los Andes,56,Rural,Sur,2016,253
276001011184,Institución Educativa Los Andes,56,Rural,Sur,2017,271
276001011184,Institución Educativa Los Andes,56,Rural,Sur,2018,253
276001011184,Institución Educativa Los Andes,56,Rural,Sur,2019,247
276001011184,Institución Educativa Los Andes,56,Rural,Sur,2020,245
276001011184,Institución Educativa Los Andes,56,Rural,Sur,2021,222
276001011184,Institución Educativa Los Andes,56,Rural,Sur,2022,235
176001008766,Institución Educativa Luis Fernando Caicedo,1,Urbana,Norte,2016,249
176001008766,Institución Educativa Luis Fernando Caicedo,1,Urbana,Norte,2017,234
176001008766,Institución Educativa Luis Fernando Caicedo,1,Urbana,Norte,2018,233
176001008766,Institución Educativa Luis Fernando Caicedo,1,Urbana,Norte,2019,256
176001008766,Institución Educativa Luis Fernando Caicedo,1,Urbana,Norte,2020,248
176001008766,Institución Educativa Luis Fernando Caicedo,1,Urbana,Norte,2021,251
176001008766,Institución Educativa Luis Fernando Caicedo,1,Urbana,Norte,2022,243
176001008723,Institución Educativa Manuel María Mallarino,7,Urbana,Nor-Oriente,2016,262
176001008723,Institución Educativa Manuel María Mallarino,7,Urbana,Nor-Oriente,2017,251
176001008723,Institución Educativa Manuel María Mallarino,7,Urbana,Nor-Oriente,2018,251
176001008723,Institución Educativa Manuel María Mallarino,7,Urbana,Nor-Oriente,2019,251
176001008723,Institución Educativa Manuel María Mallarino,7,Urbana,Nor-Oriente,2020,246
176001008723,Institución Educativa Manuel María Mallarino,7,Urbana,Nor-Oriente,2021,245
176001008723,Institución Educativa Manuel María Mallarino,7,Urbana,Nor-Oriente,2022,242
176001002989,Institución Educativa Marice Sinisterra,12,Urbana,Centro,2016,227
176001002989,Institución Educativa Marice Sinisterra,12,Urbana,Centro,2017,224
176001002989,Institución Educativa Marice Sinisterra,12,Urbana,Centro,2018,226
176001002989,Institución Educativa Marice Sinisterra,12,Urbana,Centro,2019,217
176001002989,Institución Educativa Marice Sinisterra,12,Urbana,Centro,2020,224
176001002989,Institución Educativa Marice Sinisterra,12,Urbana,Centro,2021,225
176001002989,Institución Educativa Marice Sinisterra,12,Urbana,Centro,2022,223
176001027001,Institución Educativa Monseñor Ramón Arcila,14,Urbana,Oriente,2016,240
176001027001,Institución Educativa Monseñor Ramón Arcila,14,Urbana,Oriente,2017,235
176001027001,Institución Educativa Monseñor Ramón Arcila,14,Urbana,Oriente,2018,240
176001027001,Institución Educativa Monseñor Ramón Arcila,14,Urbana,Oriente,2019,239
176001027001,Institución Educativa Monseñor Ramón Arcila,14,Urbana,Oriente,2020,226
176001027001,Institución Educativa Monseñor Ramón Arcila,14,Urbana,Oriente,2021,231
176001027001,Institución Educativa Monseñor Ramón Arcila,14,Urbana,Oriente,2022,232
276001011354,Institución Educativa Montebello,64,Rural,Norte,2016,246
276001011354,Institución Educativa Montebello,64,Rural,Norte,2017,237
276001011354,Institución Educativa Montebello,64,Rural,Norte,2018,236
276001011354,Institución Educativa Montebello,64,Rural,Norte,2019,227
276001011354,Institución Educativa Montebello,64,Rural,Norte,2020,228
276001011354,Institución Educativa Montebello,64,Rural,Norte,2021,233
276001011354,Institución Educativa Montebello,64,Rural,Norte,2022,234
276001003289,Institución Educativa Navarro,51,Rural,Sur,2016,244
276001003289,Institución Educativa Navarro,51,Rural,Sur,2017,224
276001003289,Institución Educativa Navarro,51,Rural,Sur,2018,217
276001003289,Institución Educativa Navarro,51,Rural,Sur,2019,218
276001003289,Institución Educativa Navarro,51,Rural,Sur,2020,207
276001003289,Institución Educativa Navarro,51,Rural,Sur,2021,211
276001003289,Institución Educativa Navarro,51,Rural,Sur,2022,195
176001002253,Institución Educativa Normal Superior Los Farallones,3,Urbana,Norte,2016,280
176001002253,Institución Educativa Normal Superior Los Farallones,3,Urbana,Norte,2017,272
176001002253,Institución Educativa Normal Superior Los Farallones,3,Urbana,Norte,2018,269
176001002253,Institución Educativa Normal Superior Los Farallones,3,Urbana,Norte,2019,259
176001002253,Institución Educativa Normal Superior Los Farallones,3,Urbana,Norte,2020,261
176001002253,Institución Educativa Normal Superior Los Farallones,3,Urbana,Norte,2021,259
176001002253,Institución Educativa Normal Superior Los Farallones,3,Urbana,Norte,2022,260
176001004531,Institución Educativa Normal Superior Santiago De Cali,10,Urbana,Sur-Oriente,2016,276
176001004531,Institución Educativa Normal Superior Santiago De Cali,10,Urbana,Sur-Oriente,2017,272
176001004531,Institución Educativa Normal Superior Santiago De Cali,10,Urbana,Sur-Oriente,2018,269
176001004531,Institución Educativa Normal Superior Santiago De Cali,10,Urbana,Sur-Oriente,2019,259
176001004531,Institución Educativa Normal Superior Santiago De Cali,10,Urbana,Sur-Oriente,2020,267
176001004531,Institución Educativa Normal Superior Santiago De Cali,10,Urbana,Sur-Oriente,2021,256
176001004531,Institución Educativa Normal Superior Santiago De Cali,10,Urbana,Sur-Oriente,2022,267
176001043791,Institución Educativa Nuevo Latir,14,Urbana,Oriente,2016,238
176001043791,Institución Educativa Nuevo Latir,14,Urbana,Oriente,2017,233
176001043791,Institución Educativa Nuevo Latir,14,Urbana,Oriente,2018,221
176001043791,Institución Educativa Nuevo Latir,14,Urbana,Oriente,2019,217
176001043791,Institución Educativa Nuevo Latir,14,Urbana,Oriente,2020,217
176001043791,Institución Educativa Nuevo Latir,14,Urbana,Oriente,2021,224
176001043791,Institución Educativa Nuevo Latir,14,Urbana,Oriente,2022,215
276001008574,Institución Educativa Pance,53,Rural,Sur,2016,249
276001008574,Institución Educativa Pance,53,Rural,Sur,2017,249
276001008574,Institución Educativa Pance,53,Rural,Sur,2018,231
276001008574,Institución Educativa Pance,53,Rural,Sur,2019,231
276001008574,Institución Educativa Pance,53,Rural,Sur,2020,232
276001008574,Institución Educativa Pance,53,Rural,Sur,2021,222
276001008574,Institución Educativa Pance,53,Rural,Sur,2022,232
276001022267,Institución Educativa Pichinde,57,Rural,Sur,2016,246
276001022267,Institución Educativa Pichinde,57,Rural,Sur,2017,225
276001022267,Institución Educativa Pichinde,57,Rural,Sur,2018,251
276001022267,Institución Educativa Pichinde,57,Rural,Sur,2019,264
276001022267,Institución Educativa Pichinde,57,Rural,Sur,2020,250
276001022267,Institución Educativa Pichinde,57,Rural,Sur,2021,262
276001022267,Institución Educativa Pichinde,57,Rural,Sur,2022,253
176001013310,Institución Educativa Politécnico Municipal De Cali,19,Urbana,Norte,2016,282
176001013310,Institución Educativa Politécnico Municipal De Cali,19,Urbana,Norte,2017,286
176001013310,Institución Educativa Politécnico Municipal De Cali,19,Urbana,Norte,2018,275
176001013310,Institución Educativa Politécnico Municipal De Cali,19,Urbana,Norte,2019,271
176001013310,Institución Educativa Politécnico Municipal De Cali,19,Urbana,Norte,2020,261
176001013310,Institución Educativa Politécnico Municipal De Cali,19,Urbana,Norte,2021,261
176001013310,Institución Educativa Politécnico Municipal De Cali,19,Urbana,Norte,2022,270
176001020359,Institución Educativa Rafael Navia Varón,10,Urbana,Sur-Oriente,2016,275
176001020359,Institución Educativa Rafael Navia Varón,10,Urbana,Sur-Oriente,2017,271
176001020359,Institución Educativa Rafael Navia Varón,10,Urbana,Sur-Oriente,2018,272
176001020359,Institución Educativa Rafael Navia Varón,10,Urbana,Sur-Oriente,2019,276
176001020359,Institución Educativa Rafael Navia Varón,10,Urbana,Sur-Oriente,2020,269
176001020359,Institución Educativa Rafael Navia Varón,10,Urbana,Sur-Oriente,2021,264
176001020359,Institución Educativa Rafael Navia Varón,10,Urbana,Sur-Oriente,2022,263
176001005368,Institución Educativa Republica De Argentina,9,Urbana,Centro,2016,259
176001005368,Institución Educativa Republica De Argentina,9,Urbana,Centro,2017,240
176001005368,Institución Educativa Republica De Argentina,9,Urbana,Centro,2018,219
176001005368,Institución Educativa Republica De Argentina,9,Urbana,Centro,2019,242
176001005368,Institución Educativa Republica De Argentina,9,Urbana,Centro,2020,223
176001005368,Institución Educativa Republica De Argentina,9,Urbana,Centro,2021,232
176001005368,Institución Educativa Republica De Argentina,9,Urbana,Centro,2022,234
176001005091,Institución Educativa Republica De Israel,4,Urbana,Nor-Oriente,2016,266
176001005091,Institución Educativa Republica De Israel,4,Urbana,Nor-Oriente,2017,269
176001005091,Institución Educativa Republica De Israel,4,Urbana,Nor-Oriente,2018,259
176001005091,Institución Educativa Republica De Israel,4,Urbana,Nor-Oriente,2019,263
176001005091,Institución Educativa Republica De Israel,4,Urbana,Nor-Oriente,2020,258
176001005091,Institución Educativa Republica De Israel,4,Urbana,Nor-Oriente,2021,258
176001005091,Institución Educativa Republica De Israel,4,Urbana,Nor-Oriente,2022,243
176001040119,Institución Educativa Rodrigo Lloreda Caicedo,16,Urbana,Sur-Oriente,2016,261
176001040119,Institución Educativa Rodrigo Lloreda Caicedo,16,Urbana,Sur-Oriente,2017,255
176001040119,Institución Educativa Rodrigo Lloreda Caicedo,16,Urbana,Sur-Oriente,2018,252
176001040119,Institución Educativa Rodrigo Lloreda Caicedo,16,Urbana,Sur-Oriente,2019,253
176001040119,Institución Educativa Rodrigo Lloreda Caicedo,16,Urbana,Sur-Oriente,2020,250
176001040119,Institución Educativa Rodrigo Lloreda Caicedo,16,Urbana,Sur-Oriente,2021,244
176001040119,Institución Educativa Rodrigo Lloreda Caicedo,16,Urbana,Sur-Oriente,2022,254
176001004001,Institución Educativa San Juan Bautista De La Salle,7,Urbana,Nor-Oriente,2016,246
176001004001,Institución Educativa San Juan Bautista De La Salle,7,Urbana,Nor-Oriente,2017,228
176001004001,Institución Educativa San Juan Bautista De La Salle,7,Urbana,Nor-Oriente,2018,236
176001004001,Institución Educativa San Juan Bautista De La Salle,7,Urbana,Nor-Oriente,2019,215
176001004001,Institución Educativa San Juan Bautista De La Salle,7,Urbana,Nor-Oriente,2020,215
176001004001,Institución Educativa San Juan Bautista De La Salle,7,Urbana,Nor-Oriente,2021,229
176001004001,Institución Educativa San Juan Bautista De La Salle,7,Urbana,Nor-Oriente,2022,229
176001006071,Institución Educativa Santa Fe,8,Urbana,Centro,2016,248
176001006071,Institución Educativa Santa Fe,8,Urbana,Centro,2017,259
176001006071,Institución Educativa Santa Fe,8,Urbana,Centro,2018,252
176001006071,Institución Educativa Santa Fe,8,Urbana,Centro,2019,247
176001006071,Institución Educativa Santa Fe,8,Urbana,Centro,2020,259
176001006071,Institución Educativa Santa Fe,8,Urbana,Centro,2021,241
176001006071,Institución Educativa Santa Fe,8,Urbana,Centro,2022,255
176001025946,Institución Educativa Santa Rosa,13,Urbana,Oriente,2016,232
176001025946,Institución Educativa Santa Rosa,13,Urbana,Oriente,2017,222
176001025946,Institución Educativa Santa Rosa,13,Urbana,Oriente,2018,225
176001025946,Institución Educativa Santa Rosa,13,Urbana,Oriente,2019,219
176001025946,Institución Educativa Santa Rosa,13,Urbana,Oriente,2020,219
176001025946,Institución Educativa Santa Rosa,13,Urbana,Oriente,2021,217
176001025946,Institución Educativa Santa Rosa,13,Urbana,Oriente,2022,231
176001040079,Institución Educativa Santo Tomas,4,Urbana,Nor-Oriente,2016,263
176001040079,Institución Educativa Santo Tomas,4,Urbana,Nor-Oriente,2017,261
176001040079,Institución Educativa Santo Tomas,4,Urbana,Nor-Oriente,2018,254
176001040079,Institución Educativa Santo Tomas,4,Urbana,Nor-Oriente,2019,247
176001040079,Institución Educativa Santo Tomas,4,Urbana,Nor-Oriente,2020,253
176001040079,Institución Educativa Santo Tomas,4,Urbana,Nor-Oriente,2021,257
176001040079,Institución Educativa Santo Tomas,4,Urbana,Nor-Oriente,2022,256
176001005970,Institución Educativa Siete De Agosto,7,Urbana,Nor-Oriente,2016,247
176001005970,Institución Educativa Siete De Agosto,7,Urbana,Nor-Oriente,2017,258
176001005970,Institución Educativa Siete De Agosto,7,Urbana,Nor-Oriente,2018,255
176001005970,Institución Educativa Siete De Agosto,7,Urbana,Nor-Oriente,2019,242
176001005970,Institución Educativa Siete De Agosto,7,Urbana,Nor-Oriente,2020,238
176001005970,Institución Educativa Siete De Agosto,7,Urbana,Nor-Oriente,2021,243
176001005970,Institución Educativa Siete De Agosto,7,Urbana,Nor-Oriente,2022,228
176001005341,Institución Educativa Técnica Ciudad De Cali,11,Urbana,Sur-Oriente,2016,255
176001005341,Institución Educativa Técnica Ciudad De Cali,11,Urbana,Sur-Oriente,2017,254
176001005341,Institución Educativa Técnica Ciudad De Cali,11,Urbana,Sur-Oriente,2018,248
176001005341,Institución Educativa Técnica Ciudad De Cali,11,Urbana,Sur-Oriente,2019,250
176001005341,Institución Educativa Técnica Ciudad De Cali,11,Urbana,Sur-Oriente,2020,247
176001005341,Institución Educativa Técnica Ciudad De Cali,11,Urbana,Sur-Oriente,2021,237
176001005341,Institución Educativa Técnica Ciudad De Cali,11,Urbana,Sur-Oriente,2022,231
176001030788,Institución Educativa Técnica Ciudadela Desepaz,21,Urbana,Oriente,2016,232
176001030788,Institución Educativa Técnica Ciudadela Desepaz,21,Urbana,Oriente,2017,246
176001030788,Institución Educativa Técnica Ciudadela Desepaz,21,Urbana,Oriente,2018,234
176001030788,Institución Educativa Técnica Ciudadela Desepaz,21,Urbana,Oriente,2019,242
176001030788,Institución Educativa Técnica Ciudadela Desepaz,21,Urbana,Oriente,2020,242
176001030788,Institución Educativa Técnica Ciudadela Desepaz,21,Urbana,Oriente,2021,231
176001030788,Institución Educativa Técnica Ciudadela Desepaz,21,Urbana,Oriente,2022,234
176001002555,Institución Educativa Técnica Comercial Hernando Navia Varón,12,Urbana,Centro,2016,249
176001002555,Institución Educativa Técnica Comercial Hernando Navia Varón,12,Urbana,Centro,2017,249
176001002555,Institución Educativa Técnica Comercial Hernando Navia Varón,12,Urbana,Centro,2018,243
176001002555,Institución Educativa Técnica Comercial Hernando Navia Varón,12,Urbana,Centro,2019,242
176001002555,Institución Educativa Técnica Comercial Hernando Navia Varón,12,Urbana,Centro,2020,233
176001002555,Institución Educativa Técnica Comercial Hernando Navia Varón,12,Urbana,Centro,2021,243
176001002555,Institución Educativa Técnica Comercial Hernando Navia Varón,12,Urbana,Centro,2022,244
176001022360,Institución Educativa Técnica Comercial Las Américas,8,Urbana,Centro,2016,263
176001022360,Institución Educativa Técnica Comercial Las Américas,8,Urbana,Centro,2017,258
176001022360,Institución Educativa Técnica Comercial Las Américas,8,Urbana,Centro,2018,255
176001022360,Institución Educativa Técnica Comercial Las Américas,8,Urbana,Centro,2019,259
176001022360,Institución Educativa Técnica Comercial Las Américas,8,Urbana,Centro,2020,261
176001022360,Institución Educativa Técnica Comercial Las Américas,8,Urbana,Centro,2021,251
176001022360,Institución Educativa Técnica Comercial Las Américas,8,Urbana,Centro,2022,251
176001013301,Institución Educativa Técnica De Ballet Clásico Incolballet,51,Rural,Sur,2016,288
176001013301,Institución Educativa Técnica De Ballet Clásico Incolballet,51,Rural,Sur,2017,268
176001013301,Institución Educativa Técnica De Ballet Clásico Incolballet,51,Rural,Sur,2018,280
176001013301,Institución Educativa Técnica De Ballet Clásico Incolballet,51,Rural,Sur,2019,258
176001013301,Institución Educativa Técnica De Ballet Clásico Incolballet,51,Rural,Sur,2020,283
176001013301,Institución Educativa Técnica De Ballet Clásico Incolballet,51,Rural,Sur,2021,287
176001013301,Institución Educativa Técnica De Ballet Clásico Incolballet,51,Rural,Sur,2022,294
176001001729,Institución Educativa Técnica De Comercio Simón Rodríguez,5,Urbana,Nor-Oriente,2016,274
176001001729,Institución Educativa Técnica De Comercio Simón Rodríguez,5,Urbana,Nor-Oriente,2017,282
176001001729,Institución Educativa Técnica De Comercio Simón Rodríguez,5,Urbana,Nor-Oriente,2018,279
176001001729,Institución Educativa Técnica De Comercio Simón Rodríguez,5,Urbana,Nor-Oriente,2019,269
176001001729,Institución Educativa Técnica De Comercio Simón Rodríguez,5,Urbana,Nor-Oriente,2020,268
176001001729,Institución Educativa Técnica De Comercio Simón Rodríguez,5,Urbana,Nor-Oriente,2021,271
176001001729,Institución Educativa Técnica De Comercio Simón Rodríguez,5,Urbana,Nor-Oriente,2022,275
176001016491,Institución Educativa Técnica Gabriel García Márquez,15,Urbana,Sur-Oriente,2016,233
176001016491,Institución Educativa Técnica Gabriel García Márquez,15,Urbana,Sur-Oriente,2017,227
176001016491,Institución Educativa Técnica Gabriel García Márquez,15,Urbana,Sur-Oriente,2018,219
176001016491,Institución Educativa Técnica Gabriel García Márquez,15,Urbana,Sur-Oriente,2019,216
176001016491,Institución Educativa Técnica Gabriel García Márquez,15,Urbana,Sur-Oriente,2020,221
176001016491,Institución Educativa Técnica Gabriel García Márquez,15,Urbana,Sur-Oriente,2021,214
176001016491,Institución Educativa Técnica Gabriel García Márquez,15,Urbana,Sur-Oriente,2022,213
176001001796,Institución Educativa Técnico Comercial José María Vivas Balcázar,10,Urbana,Sur-Oriente,2016,279
176001001796,Institución Educativa Técnico Comercial José María Vivas Balcázar,10,Urbana,Sur-Oriente,2017,279
176001001796,Institución Educativa Técnico Comercial José María Vivas Balcázar,10,Urbana,Sur-Oriente,2018,268
176001001796,Institución Educativa Técnico Comercial José María Vivas Balcázar,10,Urbana,Sur-Oriente,2019,267
176001001796,Institución Educativa Técnico Comercial José María Vivas Balcázar,10,Urbana,Sur-Oriente,2020,274
176001001796,Institución Educativa Técnico Comercial José María Vivas Balcázar,10,Urbana,Sur-Oriente,2021,256
176001001796,Institución Educativa Técnico Comercial José María Vivas Balcázar,10,Urbana,Sur-Oriente,2022,267
176001005121,Institución Educativa Técnico Comercial Villa Del Sur,11,Urbana,Sur-Oriente,2016,272
176001005121,Institución Educativa Técnico Comercial Villa Del Sur,11,Urbana,Sur-Oriente,2017,265
176001005121,Institución Educativa Técnico Comercial Villa Del Sur,11,Urbana,Sur-Oriente,2018,252
176001005121,Institución Educativa Técnico Comercial Villa Del Sur,11,Urbana,Sur-Oriente,2019,238
176001005121,Institución Educativa Técnico Comercial Villa Del Sur,11,Urbana,Sur-Oriente,2020,244
176001005121,Institución Educativa Técnico Comercial Villa Del Sur,11,Urbana,Sur-Oriente,2021,249
176001005121,Institución Educativa Técnico Comercial Villa Del Sur,11,Urbana,Sur-Oriente,2022,252
176001001672,Institución Educativa Técnico De Comercio Santa Cecilia,2,Urbana,Norte,2016,285
176001001672,Institución Educativa Técnico De Comercio Santa Cecilia,2,Urbana,Norte,2017,289
176001001672,Institución Educativa Técnico De Comercio Santa Cecilia,2,Urbana,Norte,2018,273
176001001672,Institución Educativa Técnico De Comercio Santa Cecilia,2,Urbana,Norte,2019,277
176001001672,Institución Educativa Técnico De Comercio Santa Cecilia,2,Urbana,Norte,2020,275
176001001672,Institución Educativa Técnico De Comercio Santa Cecilia,2,Urbana,Norte,2021,276
176001001672,Institución Educativa Técnico De Comercio Santa Cecilia,2,Urbana,Norte,2022,272
176001037600,Institución Educativa Técnico Industrial  Multipropósito,20,Urbana,Sur,2016,241
176001037600,Institución Educativa Técnico Industrial  Multipropósito,20,Urbana,Sur,2017,221
176001037600,Institución Educativa Técnico Industrial  Multipropósito,20,Urbana,Sur,2018,230
176001037600,Institución Educativa Técnico Industrial  Multipropósito,20,Urbana,Sur,2019,231
176001037600,Institución Educativa Técnico Industrial  Multipropósito,20,Urbana,Sur,2020,239
176001037600,Institución Educativa Técnico Industrial  Multipropósito,20,Urbana,Sur,2021,235
176001037600,Institución Educativa Técnico Industrial  Multipropósito,20,Urbana,Sur,2022,217
176001001753,Institución Educativa Técnico Industrial Antonio José Camacho,9,Urbana,Centro,2016,278
176001001753,Institución Educativa Técnico Industrial Antonio José Camacho,9,Urbana,Centro,2017,284
176001001753,Institución Educativa Técnico Industrial Antonio José Camacho,9,Urbana,Centro,2018,273
176001001753,Institución Educativa Técnico Industrial Antonio José Camacho,9,Urbana,Centro,2019,263
176001001753,Institución Educativa Técnico Industrial Antonio José Camacho,9,Urbana,Centro,2020,266
176001001753,Institución Educativa Técnico Industrial Antonio José Camacho,9,Urbana,Centro,2021,266
176001001753,Institución Educativa Técnico Industrial Antonio José Camacho,9,Urbana,Centro,2022,263
176001028872,Institución Educativa Técnico Industrial Carlos Holguín Mallarino,15,Urbana,Sur-Oriente,2016,235
176001028872,Institución Educativa Técnico Industrial Carlos Holguín Mallarino,15,Urbana,Sur-Oriente,2017,247
176001028872,Institución Educativa Técnico Industrial Carlos Holguín Mallarino,15,Urbana,Sur-Oriente,2018,242
176001028872,Institución Educativa Técnico Industrial Carlos Holguín Mallarino,15,Urbana,Sur-Oriente,2019,241
176001028872,Institución Educativa Técnico Industrial Carlos Holguín Mallarino,15,Urbana,Sur-Oriente,2020,229
176001028872,Institución Educativa Técnico Industrial Carlos Holguín Mallarino,15,Urbana,Sur-Oriente,2021,230
176001028872,Institución Educativa Técnico Industrial Carlos Holguín Mallarino,15,Urbana,Sur-Oriente,2022,230
176001032055,Institución Educativa Técnico Industrial Comuna 17,17,Urbana,Sur ,2016,299
176001032055,Institución Educativa Técnico Industrial Comuna 17,17,Urbana,Sur ,2017,289
176001032055,Institución Educativa Técnico Industrial Comuna 17,17,Urbana,Sur ,2018,295
176001032055,Institución Educativa Técnico Industrial Comuna 17,17,Urbana,Sur ,2019,293
176001032055,Institución Educativa Técnico Industrial Comuna 17,17,Urbana,Sur ,2020,291
176001032055,Institución Educativa Técnico Industrial Comuna 17,17,Urbana,Sur ,2021,292
176001032055,Institución Educativa Técnico Industrial Comuna 17,17,Urbana,Sur ,2022,298
176001002881,Institución Educativa Técnico Industrial Diez De  Mayo,11,Urbana,Sur-Oriente,2016,267
176001002881,Institución Educativa Técnico Industrial Diez De  Mayo,11,Urbana,Sur-Oriente,2017,262
176001002881,Institución Educativa Técnico Industrial Diez De  Mayo,11,Urbana,Sur-Oriente,2018,249
176001002881,Institución Educativa Técnico Industrial Diez De  Mayo,11,Urbana,Sur-Oriente,2019,247
176001002881,Institución Educativa Técnico Industrial Diez De  Mayo,11,Urbana,Sur-Oriente,2020,250
176001002881,Institución Educativa Técnico Industrial Diez De  Mayo,11,Urbana,Sur-Oriente,2021,250
176001002881,Institución Educativa Técnico Industrial Diez De  Mayo,11,Urbana,Sur-Oriente,2022,245
176001028970,Institución Educativa Técnico Industrial Donald Rodrigo Tafur,16,Urbana,Sur-Oriente,2016,260
176001028970,Institución Educativa Técnico Industrial Donald Rodrigo Tafur,16,Urbana,Sur-Oriente,2017,265
176001028970,Institución Educativa Técnico Industrial Donald Rodrigo Tafur,16,Urbana,Sur-Oriente,2018,244
176001028970,Institución Educativa Técnico Industrial Donald Rodrigo Tafur,16,Urbana,Sur-Oriente,2019,246
176001028970,Institución Educativa Técnico Industrial Donald Rodrigo Tafur,16,Urbana,Sur-Oriente,2020,254
176001028970,Institución Educativa Técnico Industrial Donald Rodrigo Tafur,16,Urbana,Sur-Oriente,2021,242
176001028970,Institución Educativa Técnico Industrial Donald Rodrigo Tafur,16,Urbana,Sur-Oriente,2022,256
176001007166,Institución Educativa Técnico Industrial José María Carbonell,10,Urbana,Sur-Oriente,2016,297
176001007166,Institución Educativa Técnico Industrial José María Carbonell,10,Urbana,Sur-Oriente,2017,295
176001007166,Institución Educativa Técnico Industrial José María Carbonell,10,Urbana,Sur-Oriente,2018,296
176001007166,Institución Educativa Técnico Industrial José María Carbonell,10,Urbana,Sur-Oriente,2019,297
176001007166,Institución Educativa Técnico Industrial José María Carbonell,10,Urbana,Sur-Oriente,2020,303
176001007166,Institución Educativa Técnico Industrial José María Carbonell,10,Urbana,Sur-Oriente,2021,288
176001007166,Institución Educativa Técnico Industrial José María Carbonell,10,Urbana,Sur-Oriente,2022,308
176001032063,Institución Educativa Técnico Industrial Luz Haydee Guerrero Molina,13,Urbana,Oriente,2016,260
176001032063,Institución Educativa Técnico Industrial Luz Haydee Guerrero Molina,13,Urbana,Oriente,2017,264
176001032063,Institución Educativa Técnico Industrial Luz Haydee Guerrero Molina,13,Urbana,Oriente,2018,248
176001032063,Institución Educativa Técnico Industrial Luz Haydee Guerrero Molina,13,Urbana,Oriente,2019,254
176001032063,Institución Educativa Técnico Industrial Luz Haydee Guerrero Molina,13,Urbana,Oriente,2020,256
176001032063,Institución Educativa Técnico Industrial Luz Haydee Guerrero Molina,13,Urbana,Oriente,2021,249
176001032063,Institución Educativa Técnico Industrial Luz Haydee Guerrero Molina,13,Urbana,Oriente,2022,245
176001007875,Institución Educativa Técnico Industrial Pedro Antonio Molina,6,Urbana,Nor-Oriente,2016,271
176001007875,Institución Educativa Técnico Industrial Pedro Antonio Molina,6,Urbana,Nor-Oriente,2017,269
176001007875,Institución Educativa Técnico Industrial Pedro Antonio Molina,6,Urbana,Nor-Oriente,2018,261
176001007875,Institución Educativa Técnico Industrial Pedro Antonio Molina,6,Urbana,Nor-Oriente,2019,260
176001007875,Institución Educativa Técnico Industrial Pedro Antonio Molina,6,Urbana,Nor-Oriente,2020,260
176001007875,Institución Educativa Técnico Industrial Pedro Antonio Molina,6,Urbana,Nor-Oriente,2021,259
176001007875,Institución Educativa Técnico Industrial Pedro Antonio Molina,6,Urbana,Nor-Oriente,2022,262
176001030796,Institución Educativa Técnico Industrial Veinte De Julio,4,Urbana,Nor-Oriente,2016,247
176001030796,Institución Educativa Técnico Industrial Veinte De Julio,4,Urbana,Nor-Oriente,2017,260
176001030796,Institución Educativa Técnico Industrial Veinte De Julio,4,Urbana,Nor-Oriente,2018,253
176001030796,Institución Educativa Técnico Industrial Veinte De Julio,4,Urbana,Nor-Oriente,2019,260
176001030796,Institución Educativa Técnico Industrial Veinte De Julio,4,Urbana,Nor-Oriente,2020,244
176001030796,Institución Educativa Técnico Industrial Veinte De Julio,4,Urbana,Nor-Oriente,2021,246
176001030796,Institución Educativa Técnico Industrial Veinte De Julio,4,Urbana,Nor-Oriente,2022,258
176001001664,Institución Educativa Vicente Borrero Costa,7,Urbana,Nor-Oriente,2016,250
176001001664,Institución Educativa Vicente Borrero Costa,7,Urbana,Nor-Oriente,2017,243
176001001664,Institución Educativa Vicente Borrero Costa,7,Urbana,Nor-Oriente,2018,234
176001001664,Institución Educativa Vicente Borrero Costa,7,Urbana,Nor-Oriente,2019,239
176001001664,Institución Educativa Vicente Borrero Costa,7,Urbana,Nor-Oriente,2020,238
176001001664,Institución Educativa Vicente Borrero Costa,7,Urbana,Nor-Oriente,2021,232
176001001664,Institución Educativa Vicente Borrero Costa,7,Urbana,Nor-Oriente,2022,239
276001005133,Institución Educativa Villacarmelo,55,Rural,Sur,2016,257
276001005133,Institución Educativa Villacarmelo,55,Rural,Sur,2017,283
276001005133,Institución Educativa Villacarmelo,55,Rural,Sur,2018,248
276001005133,Institución Educativa Villacarmelo,55,Rural,Sur,2019,221
276001005133,Institución Educativa Villacarmelo,55,Rural,Sur,2020,239
276001005133,Institución Educativa Villacarmelo,55,Rural,Sur,2021,213
276001005133,Institución Educativa Villacarmelo,55,Rural,Sur,2022,241
176001001800,Institución Educativa Villacolombia,8,Urbana,Centro,2016,283
176001001800,Institución Educativa Villacolombia,8,Urbana,Centro,2017,288
176001001800,Institución Educativa Villacolombia,8,Urbana,Centro,2018,274
176001001800,Institución Educativa Villacolombia,8,Urbana,Centro,2019,285
176001001800,Institución Educativa Villacolombia,8,Urbana,Centro,2020,286
176001001800,Institución Educativa Villacolombia,8,Urbana,Centro,2021,273
176001001800,Institución Educativa Villacolombia,8,Urbana,Centro,2022,277